day,n_posts,score_mean,score_std,score_var,score_median,score_std_roll
2026-02-17,10,0.05902934009209275,0.7742245007965664,0.5994235776336924,0.28616121923550963,
