day,n_posts,score_mean,score_std,score_var,score_median,score_std_roll
2026-02-17,10,0.015467406762763859,0.8577825023849311,0.7357908213977544,0.4127489747479558,
