day,n_posts,score_mean,score_std,score_var,score_median,score_std_roll
2026-02-17,10,0.6587816249579191,0.5613635418618109,0.3151290261316371,0.9039884665980935,
